datetime,requests_num,message
2021-05-16 11:28:31,1,b'Status Code http://www.google.com/sss: 404'
2021-05-16 11:28:31,2,b'Response Time http://www.google.com/sss: 0:00:00.031816'
2021-05-16 11:28:32,3,b'The text Learn was not found in the page body from http://www.google.com/sss'
2021-05-16 11:28:32,4,b'Status Code http://www.google.com/sss: 404'
2021-05-16 11:28:32,5,b'Response Time http://www.google.com/sss: 0:00:00.039720'
2021-05-16 11:28:32,6,b'The text Learn was not found in the page body from http://www.google.com/sss'
2021-05-16 11:28:32,7,b'Status Code http://www.google.com/sss: 404'
2021-05-16 11:28:33,8,b'Response Time http://www.google.com/sss: 0:00:00.030043'
2021-05-16 11:28:33,9,b'The text "Learn" was not found in the page body from http://www.google.com/sss'
2021-05-16 11:28:33,10,b'Status Code http://www.google.com/sss: 404'
2021-05-16 11:28:33,11,b'Response Time http://www.google.com/sss: 0:00:00.033034'
2021-05-16 11:28:33,12,b'The text "Learn" was not found in the page body from http://www.google.com/sss'
2021-05-16 11:29:31,1,b'Status Code http://www.google.com/sss: 404'
2021-05-16 11:29:31,2,b'Response Time http://www.google.com/sss: 0:00:00.040612'
2021-05-16 11:29:32,3,b'The text "Learn" was not found in the page body from http://www.google.com/sss'
2021-05-16 11:30:31,1,b'Status Code http://www.google.com/sss: 404'
2021-05-16 11:30:31,2,b'Response Time http://www.google.com/sss: 0:00:00.034675'
2021-05-16 11:30:32,3,b'The text "Learn" was not found in the page body from http://www.google.com/sss'
2021-05-16 11:30:32,4,b'Status Code https://www.w3schools.com/: 200'
2021-05-16 11:30:32,5,b'Response Time https://www.w3schools.com/: 0:00:00.102192'
2021-05-16 11:30:32,6,b'The text "Learn" was found in the page body from https://www.w3schools.com/'
2021-05-16 11:31:31,1,b'Status Code https://www.w3schools.com/: 200'
2021-05-16 11:31:31,2,b'Response Time https://www.w3schools.com/: 0:00:00.079214'
2021-05-16 11:31:32,3,b'The text "Learn" was found in the page body from https://www.w3schools.com/'
2021-05-16 11:32:31,1,b'Status Code https://www.w3schools.com/: 200'
2021-05-16 11:32:31,2,b'Response Time https://www.w3schools.com/: 0:00:00.102151'
2021-05-16 11:32:32,3,b'The text "Learn" was found in the page body from https://www.w3schools.com/'
2021-05-16 11:33:31,1,b'Status Code https://www.w3schools.com/: 200'
2021-05-16 11:33:31,2,b'Response Time https://www.w3schools.com/: 0:00:00.076761'
2021-05-16 11:33:32,3,b'The text "Learn" was found in the page body from https://www.w3schools.com/'
2021-05-16 11:34:31,1,b'Status Code https://www.w3schools.com/: 200'
2021-05-16 11:34:31,2,b'Response Time https://www.w3schools.com/: 0:00:00.097485'
2021-05-16 11:34:32,3,b'The text "Learn" was found in the page body from https://www.w3schools.com/'
2021-05-16 11:35:31,1,b'Status Code https://www.w3schools.com/: 200'
2021-05-16 11:35:31,2,b'Response Time https://www.w3schools.com/: 0:00:00.078488'
2021-05-16 11:35:32,3,b'The text "Learn" was found in the page body from https://www.w3schools.com/'
2021-05-16 11:36:31,1,b'Status Code https://www.w3schools.com/: 200'
2021-05-16 11:36:31,2,b'Response Time https://www.w3schools.com/: 0:00:00.096598'
2021-05-16 11:36:32,3,b'The text "Learn" was found in the page body from https://www.w3schools.com/'
2021-05-16 11:37:31,1,b'Status Code https://www.w3schools.com/: 200'
2021-05-16 11:37:31,2,b'Response Time https://www.w3schools.com/: 0:00:00.068433'
2021-05-16 11:37:32,3,b'The text "Learn" was found in the page body from https://www.w3schools.com/'
datetime,requests_num,message
2021-05-17 15:26:19,1,b'Status Code https://www.w3schools.com/: 200'
2021-05-17 15:26:19,2,b'Response Time https://www.w3schools.com/: 0:00:00.081390'
2021-05-17 15:26:19,3,b'The regular expression "Learn" was found in the page body from https://www.w3schools.com/'
2021-05-17 15:26:19,4,b'Status Code https://www.w3schools.com/: 200'
2021-05-17 15:26:19,5,b'Response Time https://www.w3schools.com/: 0:00:00.074698'
2021-05-17 15:26:20,6,b'The regular expression "Learn" was found in the page body from https://www.w3schools.com/'
2021-05-17 15:26:20,7,b'Status Code https://www.w3schools.com/: 200'
2021-05-17 15:26:20,8,b'Response Time https://www.w3schools.com/: 0:00:00.074000'
2021-05-17 15:26:20,9,b'Status Code https://www.w3schools.com/: 200'
2021-05-17 15:26:20,10,b'Response Time https://www.w3schools.com/: 0:00:00.085564'
2021-05-17 15:26:21,11,b'Status Code https://www.w3schools.com/: 200'
2021-05-17 15:26:21,12,b'Response Time https://www.w3schools.com/: 0:00:00.076062'
2021-05-17 15:26:21,13,b'The regular expression "d*v" was found in the page body from https://www.w3schools.com/'
2021-05-17 15:26:21,14,b'Status Code https://www.w3schools.com/: 200'
2021-05-17 15:26:22,15,b'Response Time https://www.w3schools.com/: 0:00:00.126208'
2021-05-17 15:26:22,16,b'The regular expression "d*v" was found in the page body from https://www.w3schools.com/'
2021-05-17 15:26:22,17,b'Status Code https://www.w3schools.com/: 200'
2021-05-17 15:26:22,18,b'Response Time https://www.w3schools.com/: 0:00:00.078582'
2021-05-17 15:26:23,19,b'The regular expression "d*v" was found in the page body from https://www.w3schools.com/'
2021-05-17 15:26:23,20,b'Status Code https://www.w3schools.com/: 200'
2021-05-17 15:26:23,21,b'Response Time https://www.w3schools.com/: 0:00:00.087096'
2021-05-17 15:26:23,22,b'The regular expression "d*v" was found in the page body from https://www.w3schools.com/'
2021-05-17 15:26:24,23,b'Status Code http://www.google.com/sss: 404'
2021-05-17 15:26:24,24,b'Response Time http://www.google.com/sss: 0:00:00.041030'
2021-05-17 15:26:24,25,b'The regular expression "super" was not found in the page body from http://www.google.com/sss'
2021-05-17 15:27:14,1,b'Status Code https://www.w3schools.com/: 200'
2021-05-17 15:27:14,2,b'Response Time https://www.w3schools.com/: 0:00:00.079482'
2021-05-17 15:27:14,3,b'The regular expression "d*v" was found in the page body from https://www.w3schools.com/'
2021-05-17 15:27:14,4,b'Status Code http://www.google.com/sss: 404'
2021-05-17 15:27:15,5,b'Response Time http://www.google.com/sss: 0:00:00.048741'
2021-05-17 15:27:15,6,b'The regular expression "super" was not found in the page body from http://www.google.com/sss'
2021-05-17 15:28:14,1,b'Status Code https://www.w3schools.com/: 200'
2021-05-17 15:28:14,2,b'Response Time https://www.w3schools.com/: 0:00:00.068924'
2021-05-17 15:28:14,3,b'The regular expression "d*v" was found in the page body from https://www.w3schools.com/'
2021-05-17 15:28:14,4,b'Status Code http://www.google.com/sss: 404'
2021-05-17 15:28:15,5,b'Response Time http://www.google.com/sss: 0:00:00.038254'
2021-05-17 15:28:15,6,b'The regular expression "super" was not found in the page body from http://www.google.com/sss'
2021-05-17 15:29:14,1,b'Status Code https://www.w3schools.com/: 200'
2021-05-17 15:29:14,2,b'Response Time https://www.w3schools.com/: 0:00:00.076034'
2021-05-17 15:29:14,3,b'The regular expression "d*v" was found in the page body from https://www.w3schools.com/'
2021-05-17 15:29:14,4,b'Status Code http://www.google.com/sss: 404'
2021-05-17 15:29:15,5,b'Response Time http://www.google.com/sss: 0:00:00.027933'
2021-05-17 15:29:15,6,b'The regular expression "super" was not found in the page body from http://www.google.com/sss'
2021-05-17 15:30:14,1,b'Status Code https://www.w3schools.com/: 200'
2021-05-17 15:30:14,2,b'Response Time https://www.w3schools.com/: 0:00:00.078375'
2021-05-17 15:30:14,3,b'The regular expression "d*v" was found in the page body from https://www.w3schools.com/'
2021-05-17 15:30:14,4,b'Status Code http://www.google.com/sss: 404'
2021-05-17 15:30:15,5,b'Response Time http://www.google.com/sss: 0:00:00.033810'
2021-05-17 15:30:15,6,b'The regular expression "super" was not found in the page body from http://www.google.com/sss'
2021-05-17 15:31:14,1,b'Status Code https://www.w3schools.com/: 200'
2021-05-17 15:31:14,2,b'Response Time https://www.w3schools.com/: 0:00:00.123817'
2021-05-17 15:31:14,3,b'The regular expression "d*v" was found in the page body from https://www.w3schools.com/'
2021-05-17 15:31:14,4,b'Status Code http://www.google.com/sss: 404'
2021-05-17 15:31:15,5,b'Response Time http://www.google.com/sss: 0:00:00.028736'
2021-05-17 15:31:15,6,b'The regular expression "super" was not found in the page body from http://www.google.com/sss'
2021-05-17 15:32:14,1,b'Status Code https://www.w3schools.com/: 200'
2021-05-17 15:32:14,2,b'Response Time https://www.w3schools.com/: 0:00:00.116111'
2021-05-17 15:32:14,3,b'The regular expression "d*v" was found in the page body from https://www.w3schools.com/'
2021-05-17 15:32:14,4,b'Status Code http://www.google.com/sss: 404'
2021-05-17 15:32:15,5,b'Response Time http://www.google.com/sss: 0:00:00.033084'
2021-05-17 15:32:15,6,b'The regular expression "super" was not found in the page body from http://www.google.com/sss'
2021-05-17 15:33:14,1,b'Status Code https://www.w3schools.com/: 200'
2021-05-17 15:33:14,2,b'Response Time https://www.w3schools.com/: 0:00:00.074767'
2021-05-17 15:33:14,3,b'The regular expression "d*v" was found in the page body from https://www.w3schools.com/'
2021-05-17 15:33:14,4,b'Status Code http://www.google.com/sss: 404'
2021-05-17 15:33:15,5,b'Response Time http://www.google.com/sss: 0:00:00.035093'
2021-05-17 15:33:15,6,b'The regular expression "super" was not found in the page body from http://www.google.com/sss'
2021-05-17 15:34:14,1,b'Status Code https://www.w3schools.com/: 200'
2021-05-17 15:34:14,2,b'Response Time https://www.w3schools.com/: 0:00:00.082441'
2021-05-17 15:34:14,3,b'The regular expression "d*v" was found in the page body from https://www.w3schools.com/'
2021-05-17 15:34:14,4,b'Status Code http://www.google.com/sss: 404'
2021-05-17 15:34:15,5,b'Response Time http://www.google.com/sss: 0:00:00.029253'
2021-05-17 15:34:15,6,b'The regular expression "super" was not found in the page body from http://www.google.com/sss'
2021-05-17 15:35:14,1,b'Status Code https://www.w3schools.com/: 200'
2021-05-17 15:35:14,2,b'Response Time https://www.w3schools.com/: 0:00:00.111181'
2021-05-17 15:35:14,3,b'The regular expression "d*v" was found in the page body from https://www.w3schools.com/'
2021-05-17 15:35:14,4,b'Status Code http://www.google.com/sss: 404'
2021-05-17 15:35:15,5,b'Response Time http://www.google.com/sss: 0:00:00.033457'
2021-05-17 15:35:15,6,b'The regular expression "super" was not found in the page body from http://www.google.com/sss'
2021-05-17 15:36:14,1,b'Status Code https://www.w3schools.com/: 200'
2021-05-17 15:36:14,2,b'Response Time https://www.w3schools.com/: 0:00:00.077283'
2021-05-17 15:36:14,3,b'The regular expression "d*v" was found in the page body from https://www.w3schools.com/'
2021-05-17 15:36:14,4,b'Status Code http://www.google.com/sss: 404'
2021-05-17 15:36:15,5,b'Response Time http://www.google.com/sss: 0:00:00.036328'
2021-05-17 15:36:15,6,b'The regular expression "super" was not found in the page body from http://www.google.com/sss'
2021-05-17 15:37:14,1,b'Status Code https://www.w3schools.com/: 200'
2021-05-17 15:37:14,2,b'Response Time https://www.w3schools.com/: 0:00:00.121646'
2021-05-17 15:37:14,3,b'The regular expression "d*v" was found in the page body from https://www.w3schools.com/'
2021-05-17 15:37:14,4,b'Status Code http://www.google.com/sss: 404'
2021-05-17 15:37:15,5,b'Response Time http://www.google.com/sss: 0:00:00.033358'
2021-05-17 15:37:15,6,b'The regular expression "super" was not found in the page body from http://www.google.com/sss'
2021-05-17 15:38:14,1,b'Status Code https://www.w3schools.com/: 200'
2021-05-17 15:38:14,2,b'Response Time https://www.w3schools.com/: 0:00:00.073767'
2021-05-17 15:38:14,3,b'The regular expression "d*v" was found in the page body from https://www.w3schools.com/'
2021-05-17 15:38:14,4,b'Status Code http://www.google.com/sss: 404'
2021-05-17 15:38:15,5,b'Response Time http://www.google.com/sss: 0:00:00.030479'
2021-05-17 15:38:15,6,b'The regular expression "super" was not found in the page body from http://www.google.com/sss'
2021-05-17 15:39:14,1,b'Status Code https://www.w3schools.com/: 200'
2021-05-17 15:39:14,2,b'Response Time https://www.w3schools.com/: 0:00:00.082458'
2021-05-17 15:39:14,3,b'The regular expression "d*v" was found in the page body from https://www.w3schools.com/'
2021-05-17 15:39:14,4,b'Status Code http://www.google.com/sss: 404'
2021-05-17 15:39:15,5,b'Response Time http://www.google.com/sss: 0:00:00.028651'
2021-05-17 15:39:15,6,b'The regular expression "super" was not found in the page body from http://www.google.com/sss'
2021-05-17 15:40:14,1,b'Status Code https://www.w3schools.com/: 200'
2021-05-17 15:40:14,2,b'Response Time https://www.w3schools.com/: 0:00:00.107189'
2021-05-17 15:40:14,3,b'The regular expression "d*v" was found in the page body from https://www.w3schools.com/'
2021-05-17 15:40:14,4,b'Status Code http://www.google.com/sss: 404'
2021-05-17 15:40:15,5,b'Response Time http://www.google.com/sss: 0:00:00.030797'
2021-05-17 15:40:15,6,b'The regular expression "super" was not found in the page body from http://www.google.com/sss'
2021-05-17 15:41:14,1,b'Status Code https://www.w3schools.com/: 200'
2021-05-17 15:41:14,2,b'Response Time https://www.w3schools.com/: 0:00:00.096440'
2021-05-17 15:41:14,3,b'The regular expression "d*v" was found in the page body from https://www.w3schools.com/'
2021-05-17 15:41:14,4,b'Status Code http://www.google.com/sss/: 404'
2021-05-17 15:41:15,5,b'Response Time http://www.google.com/sss/: 0:00:00.035609'
2021-05-17 15:41:15,6,b'The regular expression "*3*3*" is not a valid regex'
2021-05-17 15:41:15,7,b'Status Code http://www.google.com/sss: 404'
2021-05-17 15:41:15,8,b'Response Time http://www.google.com/sss: 0:00:00.030376'
2021-05-17 15:41:15,9,b'The regular expression "super" was not found in the page body from http://www.google.com/sss'
2021-05-17 15:42:14,1,b'Status Code https://www.w3schools.com/: 200'
2021-05-17 15:42:14,2,b'Response Time https://www.w3schools.com/: 0:00:00.082891'
2021-05-17 15:42:14,3,b'The regular expression "d*v" was found in the page body from https://www.w3schools.com/'
2021-05-17 15:42:14,4,b'Status Code http://www.google.com/sss/: 404'
2021-05-17 15:42:15,5,b'Response Time http://www.google.com/sss/: 0:00:00.028267'
2021-05-17 15:42:15,6,b'The regular expression "*3*3*" is not a valid regex'
2021-05-17 15:42:15,7,b'Status Code http://www.google.com/sss: 404'
2021-05-17 15:42:15,8,b'Response Time http://www.google.com/sss: 0:00:00.037781'
2021-05-17 15:42:15,9,b'The regular expression "super" was not found in the page body from http://www.google.com/sss'
2021-05-17 15:43:14,1,b'Status Code https://www.w3schools.com/: 200'
2021-05-17 15:43:14,2,b'Response Time https://www.w3schools.com/: 0:00:00.178180'
2021-05-17 15:43:14,3,b'The regular expression "d*v" was found in the page body from https://www.w3schools.com/'
2021-05-17 15:43:14,4,b'Status Code http://www.google.com/sss/: 404'
2021-05-17 15:43:15,5,b'Response Time http://www.google.com/sss/: 0:00:00.026663'
2021-05-17 15:43:15,6,b'The regular expression "*3*3*" is not a valid regex'
2021-05-17 15:43:15,7,b'Status Code http://www.google.com/sss: 404'
2021-05-17 15:43:15,8,b'Response Time http://www.google.com/sss: 0:00:00.031434'
2021-05-17 15:43:15,9,b'The regular expression "super" was not found in the page body from http://www.google.com/sss'
2021-05-17 15:44:14,1,b'Status Code https://www.w3schools.com/: 200'
2021-05-17 15:44:14,2,b'Response Time https://www.w3schools.com/: 0:00:00.092952'
2021-05-17 15:44:14,3,b'The regular expression "d*v" was found in the page body from https://www.w3schools.com/'
2021-05-17 15:44:14,4,b'Status Code http://www.google.com/sss/: 404'
2021-05-17 15:44:15,5,b'Response Time http://www.google.com/sss/: 0:00:00.031847'
2021-05-17 15:44:15,6,b'The regular expression "*3*3*" is not a valid regex'
2021-05-17 15:44:15,7,b'Status Code http://www.google.com/sss/: 404'
2021-05-17 15:44:15,8,b'Response Time http://www.google.com/sss/: 0:00:00.028628'
2021-05-17 15:44:15,9,b'The regular expression "*3*3*" is not a valid regex'
2021-05-17 15:44:15,10,b'Status Code http://www.google.com/sss: 404'
2021-05-17 15:44:16,11,b'Response Time http://www.google.com/sss: 0:00:00.033194'
2021-05-17 15:44:16,12,b'The regular expression "super" was not found in the page body from http://www.google.com/sss'
2021-05-17 15:45:14,1,b'Status Code https://www.w3schools.com/: 200'
2021-05-17 15:45:14,2,b'Response Time https://www.w3schools.com/: 0:00:00.105737'
2021-05-17 15:45:14,3,b'The regular expression "d*v" was found in the page body from https://www.w3schools.com/'
2021-05-17 15:45:15,4,b'Status Code http://www.google.com/sss/: 404'
2021-05-17 15:45:15,5,b'Response Time http://www.google.com/sss/: 0:00:00.034460'
2021-05-17 15:45:15,6,b'The regular expression "*3*3*" is not a valid regex'
2021-05-17 15:45:15,7,b'Status Code http://www.google.com/sss: 404'
2021-05-17 15:45:16,8,b'Response Time http://www.google.com/sss: 0:00:00.032353'
2021-05-17 15:45:16,9,b'The regular expression "super" was not found in the page body from http://www.google.com/sss'
2021-05-17 15:46:14,1,b'Status Code https://www.w3schools.com/: 200'
2021-05-17 15:46:14,2,b'Response Time https://www.w3schools.com/: 0:00:00.095495'
2021-05-17 15:46:14,3,b'The regular expression "d*v" was found in the page body from https://www.w3schools.com/'
2021-05-17 15:46:14,4,b'Status Code http://www.google.com/sss/: 404'
2021-05-17 15:46:15,5,b'Response Time http://www.google.com/sss/: 0:00:00.026903'
2021-05-17 15:46:15,6,b'The regular expression "*3*3*" is not a valid regex'
2021-05-17 15:46:15,7,b'Status Code http://www.google.com/sss: 404'
2021-05-17 15:46:15,8,b'Response Time http://www.google.com/sss: 0:00:00.031627'
2021-05-17 15:46:15,9,b'The regular expression "super" was not found in the page body from http://www.google.com/sss'
2021-05-17 15:47:14,1,b'Status Code http://www.w3schools.com: 301'
2021-05-17 15:47:14,2,b'Response Time http://www.w3schools.com: 0:00:00.087624'
2021-05-17 15:47:14,3,b'The regular expression "*3*3" is not a valid regex'
2021-05-17 15:47:14,4,b'Status Code https://www.w3schools.com/: 200'
2021-05-17 15:47:15,5,b'Response Time https://www.w3schools.com/: 0:00:00.104403'
2021-05-17 15:47:15,6,b'The regular expression "d*v" was found in the page body from https://www.w3schools.com/'
2021-05-17 15:47:15,7,b'Status Code http://www.google.com/sss/: 404'
2021-05-17 15:47:15,8,b'Response Time http://www.google.com/sss/: 0:00:00.044761'
2021-05-17 15:47:15,9,b'The regular expression "*3*3*" is not a valid regex'
2021-05-17 15:47:16,10,b'Status Code http://www.google.com/sss: 404'
2021-05-17 15:47:16,11,b'Response Time http://www.google.com/sss: 0:00:00.034842'
2021-05-17 15:47:16,12,b'The regular expression "super" was not found in the page body from http://www.google.com/sss'
2021-05-17 15:48:14,1,b'Status Code http://www.w3schools.com: 301'
2021-05-17 15:48:14,2,b'Response Time http://www.w3schools.com: 0:00:00.101511'
2021-05-17 15:48:14,3,b'The regular expression "*3*3" is not a valid regex'
2021-05-17 15:48:14,4,b'Status Code http://www.google.com/sss/: 404'
2021-05-17 15:48:15,5,b'Response Time http://www.google.com/sss/: 0:00:00.041649'
2021-05-17 15:48:15,6,b'The regular expression "*3*3*" is not a valid regex'
2021-05-17 15:48:15,7,b'Status Code http://www.google.com/sss: 404'
2021-05-17 15:48:15,8,b'Response Time http://www.google.com/sss: 0:00:00.027709'
2021-05-17 15:48:15,9,b'The regular expression "super" was not found in the page body from http://www.google.com/sss'
2021-05-17 15:49:14,1,b'Status Code http://www.w3schools.com: 301'
2021-05-17 15:49:14,2,b'Response Time http://www.w3schools.com: 0:00:00.073144'
2021-05-17 15:49:14,3,b'The regular expression "*3*3" is not a valid regex'
2021-05-17 15:49:14,4,b'Status Code http://www.google.com/sss/: 404'
2021-05-17 15:49:15,5,b'Response Time http://www.google.com/sss/: 0:00:00.029744'
2021-05-17 15:49:15,6,b'The regular expression "*3*3*" is not a valid regex'
2021-05-17 15:49:15,7,b'Status Code http://www.google.com/sss: 404'
2021-05-17 15:49:15,8,b'Response Time http://www.google.com/sss: 0:00:00.028952'
2021-05-17 15:49:15,9,b'The regular expression "super" was not found in the page body from http://www.google.com/sss'
2021-05-17 15:50:14,1,b'Status Code http://www.w3schools.com: 301'
2021-05-17 15:50:14,2,b'Response Time http://www.w3schools.com: 0:00:00.112120'
2021-05-17 15:50:14,3,b'The regular expression "*3*3" is not a valid regex'
2021-05-17 15:50:14,4,b'Status Code http://www.google.com/sss/: 404'
2021-05-17 15:50:15,5,b'Response Time http://www.google.com/sss/: 0:00:00.028559'
2021-05-17 15:50:15,6,b'The regular expression "*3*3*" is not a valid regex'
2021-05-17 15:50:15,7,b'Status Code http://www.google.com/sss: 404'
2021-05-17 15:50:15,8,b'Response Time http://www.google.com/sss: 0:00:00.027621'
2021-05-17 15:50:15,9,b'The regular expression "super" was not found in the page body from http://www.google.com/sss'
2021-05-17 15:51:14,1,b'Status Code http://www.google.com/sss/: 404'
2021-05-17 15:51:14,2,b'Response Time http://www.google.com/sss/: 0:00:00.030984'
2021-05-17 15:51:14,3,b'The regular expression "*3*3*" is not a valid regex'
2021-05-17 15:51:14,4,b'Status Code http://www.google.com/sss: 404'
2021-05-17 15:51:15,5,b'Response Time http://www.google.com/sss: 0:00:00.031606'
2021-05-17 15:51:15,6,b'The regular expression "super" was not found in the page body from http://www.google.com/sss'
2021-05-17 15:52:14,1,b'Status Code http://www.google.com/sss/: 404'
2021-05-17 15:52:14,2,b'Response Time http://www.google.com/sss/: 0:00:00.036267'
2021-05-17 15:52:14,3,b'The regular expression "*3*3*" is not a valid regex'
2021-05-17 15:52:14,4,b'Status Code http://www.google.com/sss: 404'
2021-05-17 15:52:15,5,b'Response Time http://www.google.com/sss: 0:00:00.032335'
2021-05-17 15:52:15,6,b'The regular expression "super" was not found in the page body from http://www.google.com/sss'
2021-05-17 15:53:14,1,b'Status Code http://www.google.com/sss/: 404'
2021-05-17 15:53:14,2,b'Response Time http://www.google.com/sss/: 0:00:00.031677'
2021-05-17 15:53:14,3,b'The regular expression "*3*3*" is not a valid regex'
2021-05-17 15:53:14,4,b'Status Code http://www.google.com/sss: 404'
2021-05-17 15:53:15,5,b'Response Time http://www.google.com/sss: 0:00:00.029133'
2021-05-17 15:53:15,6,b'The regular expression "super" was not found in the page body from http://www.google.com/sss'
2021-05-17 15:54:14,1,b'Status Code http://www.google.com/sss/: 404'
2021-05-17 15:54:14,2,b'Response Time http://www.google.com/sss/: 0:00:00.036407'
2021-05-17 15:54:14,3,b'The regular expression "*3*3*" is not a valid regex'
2021-05-17 15:54:14,4,b'Status Code http://www.google.com/sss: 404'
2021-05-17 15:54:15,5,b'Response Time http://www.google.com/sss: 0:00:00.031462'
2021-05-17 15:54:15,6,b'The regular expression "super" was not found in the page body from http://www.google.com/sss'
2021-05-17 15:55:14,1,b'Status Code http://www.google.com/sss/: 404'
2021-05-17 15:55:14,2,b'Response Time http://www.google.com/sss/: 0:00:00.040995'
2021-05-17 15:55:14,3,b'The regular expression "*3*3*" is not a valid regex'
2021-05-17 15:55:14,4,b'Status Code http://www.google.com/sss: 404'
2021-05-17 15:55:15,5,b'Response Time http://www.google.com/sss: 0:00:00.034789'
2021-05-17 15:55:15,6,b'The regular expression "super" was not found in the page body from http://www.google.com/sss'
2021-05-17 15:56:14,1,b'Status Code http://www.google.com/sss/: 404'
2021-05-17 15:56:14,2,b'Response Time http://www.google.com/sss/: 0:00:00.029715'
2021-05-17 15:56:14,3,b'The regular expression "*3*3*" is not a valid regex'
2021-05-17 15:56:14,4,b'Status Code http://www.google.com/sss: 404'
2021-05-17 15:56:15,5,b'Response Time http://www.google.com/sss: 0:00:00.030934'
2021-05-17 15:56:15,6,b'The regular expression "super" was not found in the page body from http://www.google.com/sss'
2021-05-17 15:57:14,1,b'Status Code http://www.google.com/sss/: 404'
2021-05-17 15:57:14,2,b'Response Time http://www.google.com/sss/: 0:00:00.028279'
2021-05-17 15:57:14,3,b'The regular expression "*3*3*" is not a valid regex'
2021-05-17 15:57:14,4,b'Status Code http://www.google.com/sss: 404'
2021-05-17 15:57:15,5,b'Response Time http://www.google.com/sss: 0:00:00.027845'
2021-05-17 15:57:15,6,b'The regular expression "super" was not found in the page body from http://www.google.com/sss'
2021-05-17 15:58:14,1,b'Status Code http://www.google.com/sss/: 404'
2021-05-17 15:58:14,2,b'Response Time http://www.google.com/sss/: 0:00:00.030172'
2021-05-17 15:58:14,3,b'The regular expression "*3*3*" is not a valid regex'
2021-05-17 15:58:14,4,b'Status Code http://www.google.com/sss: 404'
2021-05-17 15:58:15,5,b'Response Time http://www.google.com/sss: 0:00:00.032469'
2021-05-17 15:58:15,6,b'The regular expression "super" was not found in the page body from http://www.google.com/sss'
2021-05-17 15:59:14,1,b'Status Code http://www.google.com/sss/: 404'
2021-05-17 15:59:14,2,b'Response Time http://www.google.com/sss/: 0:00:00.031415'
2021-05-17 15:59:14,3,b'The regular expression "*3*3*" is not a valid regex'
2021-05-17 15:59:14,4,b'Status Code http://www.google.com/sss: 404'
2021-05-17 15:59:15,5,b'Response Time http://www.google.com/sss: 0:00:00.028059'
2021-05-17 15:59:15,6,b'The regular expression "super" was not found in the page body from http://www.google.com/sss'
2021-05-17 15:59:15,7,b'Status Code http://www.w3schools.com: 301'
2021-05-17 15:59:15,8,b'Response Time http://www.w3schools.com: 0:00:00.099572'
2021-05-17 15:59:15,9,b'The regular expression "d*v" was found in the page body from http://www.w3schools.com'
2021-05-17 16:00:14,1,b'Status Code http://www.google.com/sss/: 404'
2021-05-17 16:00:14,2,b'Response Time http://www.google.com/sss/: 0:00:00.034645'
2021-05-17 16:00:14,3,b'The regular expression "*3*3*" is not a valid regex'
2021-05-17 16:00:14,4,b'Status Code http://www.google.com/sss: 404'
2021-05-17 16:00:15,5,b'Response Time http://www.google.com/sss: 0:00:00.027980'
2021-05-17 16:00:15,6,b'The regular expression "super" was not found in the page body from http://www.google.com/sss'
2021-05-17 16:00:15,7,b'Status Code http://www.w3schools.com: 301'
2021-05-17 16:00:15,8,b'Response Time http://www.w3schools.com: 0:00:00.086734'
2021-05-17 16:00:15,9,b'The regular expression "d*v" was found in the page body from http://www.w3schools.com'
2021-05-17 16:01:14,1,b'Status Code http://www.google.com/sss/: 404'
2021-05-17 16:01:14,2,b'Response Time http://www.google.com/sss/: 0:00:00.040536'
2021-05-17 16:01:14,3,b'The regular expression "*3*3*" is not a valid regex'
2021-05-17 16:01:14,4,b'Status Code http://www.google.com/sss: 404'
2021-05-17 16:01:15,5,b'Response Time http://www.google.com/sss: 0:00:00.031592'
2021-05-17 16:01:15,6,b'The regular expression "super" was not found in the page body from http://www.google.com/sss'
2021-05-17 16:02:14,1,b'Status Code http://www.google.com/sss/: 404'
2021-05-17 16:02:14,2,b'Response Time http://www.google.com/sss/: 0:00:00.029671'
2021-05-17 16:02:14,3,b'The regular expression "*3*3*" is not a valid regex'
2021-05-17 16:02:14,4,b'Status Code http://www.google.com/sss: 404'
2021-05-17 16:02:15,5,b'Response Time http://www.google.com/sss: 0:00:00.030495'
2021-05-17 16:02:15,6,b'The regular expression "super" was not found in the page body from http://www.google.com/sss'
2021-05-17 16:03:14,1,b'Status Code http://www.google.com/sss/: 404'
2021-05-17 16:03:14,2,b'Response Time http://www.google.com/sss/: 0:00:00.028386'
2021-05-17 16:03:14,3,b'The regular expression "*3*3*" is not a valid regex'
2021-05-17 16:03:14,4,b'Status Code http://www.google.com/sss: 404'
2021-05-17 16:03:15,5,b'Response Time http://www.google.com/sss: 0:00:00.026958'
2021-05-17 16:03:15,6,b'The regular expression "super" was not found in the page body from http://www.google.com/sss'
2021-05-17 16:04:14,1,b'Status Code http://www.google.com/sss/: 404'
2021-05-17 16:04:14,2,b'Response Time http://www.google.com/sss/: 0:00:00.027995'
2021-05-17 16:04:14,3,b'The regular expression "*3*3*" is not a valid regex'
2021-05-17 16:04:14,4,b'Status Code http://www.google.com/sss: 404'
2021-05-17 16:04:15,5,b'Response Time http://www.google.com/sss: 0:00:00.027038'
2021-05-17 16:04:15,6,b'The regular expression "super" was not found in the page body from http://www.google.com/sss'
2021-05-17 16:05:14,1,b'Status Code http://www.google.com/sss/: 404'
2021-05-17 16:05:14,2,b'Response Time http://www.google.com/sss/: 0:00:00.026448'
2021-05-17 16:05:14,3,b'The regular expression "*3*3*" is not a valid regex'
2021-05-17 16:05:14,4,b'Status Code http://www.google.com/sss: 404'
2021-05-17 16:05:15,5,b'Response Time http://www.google.com/sss: 0:00:00.032788'
2021-05-17 16:05:15,6,b'The regular expression "super" was not found in the page body from http://www.google.com/sss'
2021-05-17 16:06:14,1,b'Status Code http://www.google.com/sss/: 404'
2021-05-17 16:06:14,2,b'Response Time http://www.google.com/sss/: 0:00:00.032924'
2021-05-17 16:06:14,3,b'The regular expression "*3*3*" is not a valid regex'
2021-05-17 16:06:14,4,b'Status Code http://www.google.com/sss: 404'
2021-05-17 16:06:15,5,b'Response Time http://www.google.com/sss: 0:00:00.027718'
2021-05-17 16:06:15,6,b'The regular expression "super" was not found in the page body from http://www.google.com/sss'
2021-05-17 16:07:14,1,b'Status Code http://www.google.com/sss/: 404'
2021-05-17 16:07:14,2,b'Response Time http://www.google.com/sss/: 0:00:00.030882'
2021-05-17 16:07:14,3,b'The regular expression "*3*3*" is not a valid regex'
2021-05-17 16:07:14,4,b'Status Code http://www.google.com/sss: 404'
2021-05-17 16:07:15,5,b'Response Time http://www.google.com/sss: 0:00:00.027253'
2021-05-17 16:07:15,6,b'The regular expression "super" was not found in the page body from http://www.google.com/sss'
2021-05-17 16:08:14,1,b'Status Code http://www.google.com/sss/: 404'
2021-05-17 16:08:14,2,b'Response Time http://www.google.com/sss/: 0:00:00.027508'
2021-05-17 16:08:14,3,b'The regular expression "*3*3*" is not a valid regex'
2021-05-17 16:08:14,4,b'Status Code http://www.google.com/sss: 404'
2021-05-17 16:08:15,5,b'Response Time http://www.google.com/sss: 0:00:00.027818'
2021-05-17 16:08:15,6,b'The regular expression "super" was not found in the page body from http://www.google.com/sss'
2021-05-17 16:09:14,1,b'Status Code http://www.google.com/sss/: 404'
2021-05-17 16:09:14,2,b'Response Time http://www.google.com/sss/: 0:00:00.026691'
2021-05-17 16:09:14,3,b'The regular expression "*3*3*" is not a valid regex'
2021-05-17 16:09:14,4,b'Status Code http://www.google.com/sss: 404'
2021-05-17 16:09:15,5,b'Response Time http://www.google.com/sss: 0:00:00.034091'
2021-05-17 16:09:15,6,b'The regular expression "super" was not found in the page body from http://www.google.com/sss'
2021-05-17 16:10:14,1,b'Status Code http://www.google.com/sss/: 404'
2021-05-17 16:10:14,2,b'Response Time http://www.google.com/sss/: 0:00:00.026444'
2021-05-17 16:10:14,3,b'The regular expression "*3*3*" is not a valid regex'
2021-05-17 16:10:14,4,b'Status Code http://www.google.com/sss: 404'
2021-05-17 16:10:15,5,b'Response Time http://www.google.com/sss: 0:00:00.026299'
2021-05-17 16:10:15,6,b'The regular expression "super" was not found in the page body from http://www.google.com/sss'
2021-05-17 16:11:14,1,b'Status Code http://www.google.com/sss/: 404'
2021-05-17 16:11:14,2,b'Response Time http://www.google.com/sss/: 0:00:00.029280'
2021-05-17 16:11:14,3,b'The regular expression "*3*3*" is not a valid regex'
2021-05-17 16:11:14,4,b'Status Code http://www.google.com/sss: 404'
2021-05-17 16:11:15,5,b'Response Time http://www.google.com/sss: 0:00:00.027665'
2021-05-17 16:11:15,6,b'The regular expression "super" was not found in the page body from http://www.google.com/sss'
2021-05-17 16:12:14,1,b'Status Code http://www.google.com/sss/: 404'
2021-05-17 16:12:14,2,b'Response Time http://www.google.com/sss/: 0:00:00.037053'
2021-05-17 16:12:14,3,b'The regular expression "*3*3*" is not a valid regex'
2021-05-17 16:12:14,4,b'Status Code http://www.google.com/sss: 404'
2021-05-17 16:12:15,5,b'Response Time http://www.google.com/sss: 0:00:00.034860'
2021-05-17 16:12:15,6,b'The regular expression "super" was not found in the page body from http://www.google.com/sss'
2021-05-17 16:13:14,1,b'Status Code http://www.google.com/sss/: 404'
2021-05-17 16:13:14,2,b'Response Time http://www.google.com/sss/: 0:00:00.030566'
2021-05-17 16:13:14,3,b'The regular expression "*3*3*" is not a valid regex'
2021-05-17 16:13:14,4,b'Status Code http://www.google.com/sss: 404'
2021-05-17 16:13:15,5,b'Response Time http://www.google.com/sss: 0:00:00.042450'
2021-05-17 16:13:15,6,b'The regular expression "super" was not found in the page body from http://www.google.com/sss'
2021-05-17 16:14:14,1,b'Status Code http://www.google.com/sss/: 404'
2021-05-17 16:14:14,2,b'Response Time http://www.google.com/sss/: 0:00:00.038663'
2021-05-17 16:14:14,3,b'The regular expression "*3*3*" is not a valid regex'
2021-05-17 16:14:14,4,b'Status Code http://www.google.com/sss: 404'
2021-05-17 16:14:15,5,b'Response Time http://www.google.com/sss: 0:00:00.030727'
2021-05-17 16:14:15,6,b'The regular expression "super" was not found in the page body from http://www.google.com/sss'
2021-05-17 16:15:14,1,b'Status Code http://www.google.com/sss/: 404'
2021-05-17 16:15:14,2,b'Response Time http://www.google.com/sss/: 0:00:00.033105'
2021-05-17 16:15:14,3,b'The regular expression "*3*3*" is not a valid regex'
2021-05-17 16:15:14,4,b'Status Code http://www.google.com/sss: 404'
2021-05-17 16:15:15,5,b'Response Time http://www.google.com/sss: 0:00:00.030459'
2021-05-17 16:15:15,6,b'The regular expression "super" was not found in the page body from http://www.google.com/sss'
2021-05-17 16:16:14,1,b'Status Code http://www.google.com/sss/: 404'
2021-05-17 16:16:14,2,b'Response Time http://www.google.com/sss/: 0:00:00.033724'
2021-05-17 16:16:14,3,b'The regular expression "*3*3*" is not a valid regex'
2021-05-17 16:16:14,4,b'Status Code http://www.google.com/sss: 404'
2021-05-17 16:16:15,5,b'Response Time http://www.google.com/sss: 0:00:00.030103'
2021-05-17 16:16:15,6,b'The regular expression "super" was not found in the page body from http://www.google.com/sss'
2021-05-17 16:17:14,1,b'Status Code http://www.google.com/sss/: 404'
2021-05-17 16:17:14,2,b'Response Time http://www.google.com/sss/: 0:00:00.029393'
2021-05-17 16:17:14,3,b'The regular expression "*3*3*" is not a valid regex'
2021-05-17 16:17:14,4,b'Status Code http://www.google.com/sss: 404'
2021-05-17 16:17:15,5,b'Response Time http://www.google.com/sss: 0:00:00.036656'
2021-05-17 16:17:15,6,b'The regular expression "super" was not found in the page body from http://www.google.com/sss'
2021-05-17 16:18:14,1,b'Status Code http://www.google.com/sss/: 404'
2021-05-17 16:18:14,2,b'Response Time http://www.google.com/sss/: 0:00:00.028592'
2021-05-17 16:18:14,3,b'The regular expression "*3*3*" is not a valid regex'
2021-05-17 16:18:14,4,b'Status Code http://www.google.com/sss: 404'
2021-05-17 16:18:15,5,b'Response Time http://www.google.com/sss: 0:00:00.031463'
2021-05-17 16:18:15,6,b'The regular expression "super" was not found in the page body from http://www.google.com/sss'
2021-05-17 16:19:14,1,b'Status Code http://www.google.com/sss/: 404'
2021-05-17 16:19:14,2,b'Response Time http://www.google.com/sss/: 0:00:00.028246'
2021-05-17 16:19:14,3,b'The regular expression "*3*3*" is not a valid regex'
2021-05-17 16:19:14,4,b'Status Code http://www.google.com/sss: 404'
2021-05-17 16:19:15,5,b'Response Time http://www.google.com/sss: 0:00:00.025395'
2021-05-17 16:19:15,6,b'The regular expression "super" was not found in the page body from http://www.google.com/sss'
2021-05-17 16:20:14,1,b'Status Code http://www.google.com/sss/: 404'
2021-05-17 16:20:14,2,b'Response Time http://www.google.com/sss/: 0:00:00.030166'
2021-05-17 16:20:14,3,b'The regular expression "*3*3*" is not a valid regex'
2021-05-17 16:20:14,4,b'Status Code http://www.google.com/sss: 404'
2021-05-17 16:20:15,5,b'Response Time http://www.google.com/sss: 0:00:00.030825'
2021-05-17 16:20:15,6,b'The regular expression "super" was not found in the page body from http://www.google.com/sss'
2021-05-17 16:21:14,1,b'Status Code http://www.google.com/sss/: 404'
2021-05-17 16:21:14,2,b'Response Time http://www.google.com/sss/: 0:00:00.031378'
2021-05-17 16:21:14,3,b'The regular expression "*3*3*" is not a valid regex'
2021-05-17 16:21:14,4,b'Status Code http://www.google.com/sss: 404'
2021-05-17 16:21:15,5,b'Response Time http://www.google.com/sss: 0:00:00.030418'
2021-05-17 16:21:15,6,b'The regular expression "super" was not found in the page body from http://www.google.com/sss'
2021-05-17 16:22:14,1,b'Status Code http://www.google.com/sss/: 404'
2021-05-17 16:22:14,2,b'Response Time http://www.google.com/sss/: 0:00:00.025838'
2021-05-17 16:22:14,3,b'The regular expression "*3*3*" is not a valid regex'
2021-05-17 16:22:14,4,b'Status Code http://www.google.com/sss: 404'
2021-05-17 16:22:15,5,b'Response Time http://www.google.com/sss: 0:00:00.031392'
2021-05-17 16:22:15,6,b'The regular expression "super" was not found in the page body from http://www.google.com/sss'
2021-05-17 16:23:14,1,b'Status Code http://www.google.com/sss/: 404'
2021-05-17 16:23:14,2,b'Response Time http://www.google.com/sss/: 0:00:00.027022'
2021-05-17 16:23:14,3,b'The regular expression "*3*3*" is not a valid regex'
2021-05-17 16:23:14,4,b'Status Code http://www.google.com/sss: 404'
2021-05-17 16:23:15,5,b'Response Time http://www.google.com/sss: 0:00:00.029559'
2021-05-17 16:23:15,6,b'The regular expression "super" was not found in the page body from http://www.google.com/sss'
2021-05-17 16:24:14,1,b'Status Code http://www.google.com/sss/: 404'
2021-05-17 16:24:14,2,b'Response Time http://www.google.com/sss/: 0:00:00.033148'
2021-05-17 16:24:14,3,b'The regular expression "*3*3*" is not a valid regex'
2021-05-17 16:24:14,4,b'Status Code http://www.google.com/sss: 404'
2021-05-17 16:24:15,5,b'Response Time http://www.google.com/sss: 0:00:00.029410'
2021-05-17 16:24:15,6,b'The regular expression "super" was not found in the page body from http://www.google.com/sss'
2021-05-17 16:25:14,1,b'Status Code http://www.google.com/sss/: 404'
2021-05-17 16:25:14,2,b'Response Time http://www.google.com/sss/: 0:00:00.031405'
2021-05-17 16:25:14,3,b'The regular expression "*3*3*" is not a valid regex'
2021-05-17 16:25:15,4,b'Status Code http://www.google.com/sss: 404'
2021-05-17 16:25:15,5,b'Response Time http://www.google.com/sss: 0:00:01.665002'
2021-05-17 16:25:15,6,b'The regular expression "super" was not found in the page body from http://www.google.com/sss'
2021-05-17 16:26:14,1,b'Status Code http://www.google.com/sss/: 404'
2021-05-17 16:26:14,2,b'Response Time http://www.google.com/sss/: 0:00:00.037313'
2021-05-17 16:26:14,3,b'The regular expression "*3*3*" is not a valid regex'
2021-05-17 16:26:14,4,b'Status Code http://www.google.com/sss: 404'
2021-05-17 16:26:15,5,b'Response Time http://www.google.com/sss: 0:00:00.031290'
2021-05-17 16:26:15,6,b'The regular expression "super" was not found in the page body from http://www.google.com/sss'
2021-05-17 16:27:14,1,b'Status Code http://www.google.com/sss/: 404'
2021-05-17 16:27:14,2,b'Response Time http://www.google.com/sss/: 0:00:00.034938'
2021-05-17 16:27:14,3,b'The regular expression "*3*3*" is not a valid regex'
2021-05-17 16:27:14,4,b'Status Code http://www.google.com/sss: 404'
2021-05-17 16:27:15,5,b'Response Time http://www.google.com/sss: 0:00:00.035909'
2021-05-17 16:27:15,6,b'The regular expression "super" was not found in the page body from http://www.google.com/sss'
2021-05-17 16:28:14,1,b'Status Code http://www.google.com/sss/: 404'
2021-05-17 16:28:14,2,b'Response Time http://www.google.com/sss/: 0:00:00.033787'
2021-05-17 16:28:14,3,b'The regular expression "*3*3*" is not a valid regex'
2021-05-17 16:28:14,4,b'Status Code http://www.google.com/sss: 404'
2021-05-17 16:28:15,5,b'Response Time http://www.google.com/sss: 0:00:00.030190'
2021-05-17 16:28:15,6,b'The regular expression "super" was not found in the page body from http://www.google.com/sss'
2021-05-17 16:29:14,1,b'Status Code http://www.google.com/sss/: 404'
2021-05-17 16:29:14,2,b'Response Time http://www.google.com/sss/: 0:00:00.038662'
2021-05-17 16:29:14,3,b'The regular expression "*3*3*" is not a valid regex'
2021-05-17 16:29:14,4,b'Status Code http://www.google.com/sss: 404'
2021-05-17 16:29:15,5,b'Response Time http://www.google.com/sss: 0:00:00.027916'
2021-05-17 16:29:15,6,b'The regular expression "super" was not found in the page body from http://www.google.com/sss'
2021-05-17 16:30:14,1,b'Status Code http://www.google.com/sss/: 404'
2021-05-17 16:30:14,2,b'Response Time http://www.google.com/sss/: 0:00:00.028007'
2021-05-17 16:30:14,3,b'The regular expression "*3*3*" is not a valid regex'
2021-05-17 16:30:14,4,b'Status Code http://www.google.com/sss: 404'
2021-05-17 16:30:15,5,b'Response Time http://www.google.com/sss: 0:00:00.030642'
2021-05-17 16:30:15,6,b'The regular expression "super" was not found in the page body from http://www.google.com/sss'
2021-05-17 16:31:14,1,b'Status Code http://www.google.com/sss/: 404'
2021-05-17 16:31:14,2,b'Response Time http://www.google.com/sss/: 0:00:00.052223'
2021-05-17 16:31:14,3,b'The regular expression "*3*3*" is not a valid regex'
2021-05-17 16:31:14,4,b'Status Code http://www.google.com/sss: 404'
2021-05-17 16:31:15,5,b'Response Time http://www.google.com/sss: 0:00:00.032496'
2021-05-17 16:31:15,6,b'The regular expression "super" was not found in the page body from http://www.google.com/sss'
2021-05-17 16:32:14,1,b'Status Code http://www.google.com/sss/: 404'
2021-05-17 16:32:14,2,b'Response Time http://www.google.com/sss/: 0:00:00.041386'
2021-05-17 16:32:14,3,b'The regular expression "*3*3*" is not a valid regex'
2021-05-17 16:32:14,4,b'Status Code http://www.google.com/sss: 404'
2021-05-17 16:32:15,5,b'Response Time http://www.google.com/sss: 0:00:00.032128'
2021-05-17 16:32:15,6,b'The regular expression "super" was not found in the page body from http://www.google.com/sss'
2021-05-17 16:33:14,1,b'Status Code http://www.google.com/sss/: 404'
2021-05-17 16:33:14,2,b'Response Time http://www.google.com/sss/: 0:00:00.037634'
2021-05-17 16:33:14,3,b'The regular expression "*3*3*" is not a valid regex'
2021-05-17 16:33:14,4,b'Status Code http://www.google.com/sss: 404'
2021-05-17 16:33:15,5,b'Response Time http://www.google.com/sss: 0:00:00.032140'
2021-05-17 16:33:15,6,b'The regular expression "super" was not found in the page body from http://www.google.com/sss'
2021-05-17 16:34:14,1,b'Status Code http://www.google.com/sss/: 404'
2021-05-17 16:34:14,2,b'Response Time http://www.google.com/sss/: 0:00:00.035298'
2021-05-17 16:34:14,3,b'The regular expression "*3*3*" is not a valid regex'
2021-05-17 16:34:14,4,b'Status Code http://www.google.com/sss: 404'
2021-05-17 16:34:15,5,b'Response Time http://www.google.com/sss: 0:00:00.027475'
2021-05-17 16:34:15,6,b'The regular expression "super" was not found in the page body from http://www.google.com/sss'
2021-05-17 16:35:14,1,b'Status Code http://www.google.com/sss/: 404'
2021-05-17 16:35:14,2,b'Response Time http://www.google.com/sss/: 0:00:00.027583'
2021-05-17 16:35:14,3,b'The regular expression "*3*3*" is not a valid regex'
2021-05-17 16:35:14,4,b'Status Code http://www.google.com/sss: 404'
2021-05-17 16:35:15,5,b'Response Time http://www.google.com/sss: 0:00:00.028863'
2021-05-17 16:35:15,6,b'The regular expression "super" was not found in the page body from http://www.google.com/sss'
2021-05-17 16:36:14,1,b'Status Code http://www.google.com/sss/: 404'
2021-05-17 16:36:14,2,b'Response Time http://www.google.com/sss/: 0:00:00.029826'
2021-05-17 16:36:14,3,b'The regular expression "*3*3*" is not a valid regex'
2021-05-17 16:36:14,4,b'Status Code http://www.google.com/sss: 404'
2021-05-17 16:36:15,5,b'Response Time http://www.google.com/sss: 0:00:00.033174'
2021-05-17 16:36:15,6,b'The regular expression "super" was not found in the page body from http://www.google.com/sss'
2021-05-17 16:37:14,1,b'Status Code http://www.google.com/sss/: 404'
2021-05-17 16:37:14,2,b'Response Time http://www.google.com/sss/: 0:00:00.029000'
2021-05-17 16:37:14,3,b'The regular expression "*3*3*" is not a valid regex'
2021-05-17 16:37:14,4,b'Status Code http://www.google.com/sss: 404'
2021-05-17 16:37:15,5,b'Response Time http://www.google.com/sss: 0:00:00.032265'
2021-05-17 16:37:15,6,b'The regular expression "super" was not found in the page body from http://www.google.com/sss'
2021-05-17 16:38:14,1,b'Status Code http://www.google.com/sss/: 404'
2021-05-17 16:38:14,2,b'Response Time http://www.google.com/sss/: 0:00:00.029968'
2021-05-17 16:38:14,3,b'The regular expression "*3*3*" is not a valid regex'
2021-05-17 16:38:14,4,b'Status Code http://www.google.com/sss: 404'
2021-05-17 16:38:15,5,b'Response Time http://www.google.com/sss: 0:00:00.035075'
2021-05-17 16:38:15,6,b'The regular expression "super" was not found in the page body from http://www.google.com/sss'
2021-05-17 16:39:14,1,b'Status Code http://www.google.com/sss/: 404'
2021-05-17 16:39:14,2,b'Response Time http://www.google.com/sss/: 0:00:00.037357'
2021-05-17 16:39:14,3,b'The regular expression "*3*3*" is not a valid regex'
2021-05-17 16:39:14,4,b'Status Code http://www.google.com/sss: 404'
2021-05-17 16:39:15,5,b'Response Time http://www.google.com/sss: 0:00:00.027698'
2021-05-17 16:39:15,6,b'The regular expression "super" was not found in the page body from http://www.google.com/sss'
2021-05-17 16:40:14,1,b'Status Code http://www.google.com/sss/: 404'
2021-05-17 16:40:14,2,b'Response Time http://www.google.com/sss/: 0:00:00.031763'
2021-05-17 16:40:14,3,b'The regular expression "*3*3*" is not a valid regex'
2021-05-17 16:40:14,4,b'Status Code http://www.google.com/sss: 404'
2021-05-17 16:40:15,5,b'Response Time http://www.google.com/sss: 0:00:00.029917'
2021-05-17 16:40:15,6,b'The regular expression "super" was not found in the page body from http://www.google.com/sss'
2021-05-17 16:41:14,1,b'Status Code http://www.google.com/sss/: 404'
2021-05-17 16:41:14,2,b'Response Time http://www.google.com/sss/: 0:00:00.034335'
2021-05-17 16:41:14,3,b'The regular expression "*3*3*" is not a valid regex'
2021-05-17 16:41:14,4,b'Status Code http://www.google.com/sss: 404'
2021-05-17 16:41:15,5,b'Response Time http://www.google.com/sss: 0:00:00.036152'
2021-05-17 16:41:15,6,b'The regular expression "super" was not found in the page body from http://www.google.com/sss'
